subreddit,title,upvotes,timestamp
technology,White House App Found Tracking Users' Exact Location Every 4.5 Minutes via Third-Party Server,19721,1774737136.0
technology,"Pamela Anderson’s New Campaign Bans AI Models | Anderson stars in a new campaign for AEO’s Aerie that doubles down on the lifestyle brand’s pledge to “always keep it 100 percent real: no AI-generated bodies, no AI-generated people. Ever.”",938,1774765859.0
technology,"White House unveils ‘OnlyFarms’ website, welcomes farmers with golden tractor on South Lawn",8738,1774721738.0
technology,FTC Targeting Dealers for Advertising Unavailable Cars,830,1774750362.0
technology,"L.A. Dodgers Tell 82-Year-Old, 50-Year Season Ticket Holder: ‘Go Digital’—Or Don’t Go At All",10146,1774699207.0
technology,“Educational” AI YouTube videos accused of teaching kids to play in traffic &amp; eat toxic food,2028,1774724380.0
technology,iPhone New iOS Age Verification Sparks Outrage as Users Say 'I Will Switch to Android',3781,1774712572.0
technology,Kingdom Come: Deliverance 2’s Translator Says He Was Fired Because Warhorse Plans To Use ‘AI For All Translations Going Forward’,4924,1774707816.0
technology,‘Suddenly energy independence feels practical’: Europeans are building mini solar farms at home,5854,1774704240.0
technology,Turns Out That Advertisers Not Wanting To Fund Neo-Nazi-Adjacent Content Isn’t An Antitrust Violation,1834,1774723271.0
technology,A Simple Blood Test Could Predict Dementia Risk 25 Years Early,342,1774755530.0
technology,"Australia has to fight back against misinformation about climate change, Senate report says",68,1774784158.0
technology,Study: Sycophantic AI can undermine human judgment,170,1774760626.0
technology,"Valve veteran Chet Faliszek slams Tim Sweeney and Epic Games for laying off 1000 people while making ""as much money as possible… and hey Tim, Gabe's better at that than you"": ""I worked my ass off at Valve, and I could retire today. I made more money than I'll ever make.""",1086,1774717452.0
technology,SoftBank has taken on a new $40 billion loan to help it cover its $30 billion commitment to invest in OpenAI,2650,1774694855.0
technology,The Shocking Speed of China’s Scientific Rise,5188,1774681330.0
technology,Meta &amp; Google Found Liable in Landmark Cases for Knowingly Causing Harm to Young People,678,1774719091.0
technology,Judge pauses blockbuster merger between TV station owners Nexstar and Tegna,205,1774737765.0
technology,South Korean chip giants step up China investments to combat global AI memory shortage,69,1774760681.0
technology,How to Keep ICE Agents Out of Your Phone at the Airport,6379,1774666941.0
technology,Reddit will require “fishy” accounts to verify they are run by a human,1135,1774695559.0
technology,US embassy in Mexico prompts outrage with AI video promoting ‘self-deportation’,760,1774700366.0
technology,"Writer denies it, but publisher pulls horror novel after multiple allegations of AI use",934,1774695754.0
technology,Scientists have succeeded in strengthening 3D-printed concrete during the printing process,166,1774726428.0
technology,New Infinity Stealer malware grabs macOS data via ClickFix lures,104,1774733910.0
business,Microsoft Set for Worst Quarter Since 2008 as AI Takes Two Bites,201,1774715682.0
business,"Firms with more women in top roles more likely to dismiss abusive men, study finds",167,1774699661.0
business,How do you post your clients testimonials?,1,1774785795.0
business,Busco personas que quieran importar de CHINA,1,1774782996.0
business,Sure odds,1,1774778883.0
business,I need to write a business proposal,0,1774776897.0
business,'I didn’t want anybody shooting me': Five Guys CEO gave away $1.5 million bonus to employees over botched BOGO burger birthday celebration,1248,1774630052.0
business,Open source isn't a tip jar – it's time to charge for access,6,1774731045.0
business,Negotiation on severance….need your assistance,2,1774749850.0
business,I need someone with experience in buisness to give me their opinion,0,1774782874.0
business,"Warner Bros. Discovery Sets April 23, 2026 Vote on Paramount Mega Deal | Paramount is offering $31 per share, with a ""ticking fee"" kicking in if the deal doesn't close by the end of September 2026.",5,1774712624.0
business,How do i get sponsors as a semi-finalist for Top Model Belgium?,0,1774738843.0
business,"Sony Announces Price Rises for PS5, PS5 Pro, and PlayStation Portal, Blames ""Continued Pressures in the Global Economic Landscape"" | New PS5 now starts at $600. PS5 Pro now costs $900.",59,1774656577.0
business,Why is booking anything still such a mess in smaller cities?,0,1774735060.0
business,How many of you actually like what you are doing?,5,1774699046.0
business,What is the sales policy? I want to sell a billion t-shirts. Will you help?,0,1774745814.0
business,"Apple discontinues Mac Pro after 20 years — system had been stuck in stasis with M2 Ultra since 2023 | Apple's iconic tower is gone, succeeded by the Mac Studio.",22,1774641289.0
business,Stop paying for human time on non human tasks,0,1774746602.0
business,"A new era of quantum computing may pose threats closer than we think, Google warns",45,1774611402.0
business,Is this the year when every business is up for grabs?,0,1774719200.0
business,My company transitioned to an ESOP this year. What are the benefits vs the risks?,1,1774663411.0
business,SoftBank secures $40 billion loan to fund further OpenAI investment,8,1774606844.0
business,Lancet Retracts 1977 Paper on Johnson &amp; Johnson Baby Powder Safety,162,1774543590.0
business,"Meta must pay $375 million for violating New Mexico law in child exploitation case, jury rules",159,1774542843.0
business,How to start a content agency,5,1774597414.0
fashion,Welcome to r/fashion,22,1765945838.0
fashion,Please Report AI or Suspected Catfish &amp; Bots! We Now Video-Verify Many Users If Their Post Raises Red Flags,45,1763833366.0
fashion,Red,120,1774770819.0
fashion,Friend’s birthday dinner,160,1774755994.0
fashion,Help choosing recital dress!,710,1774722155.0
fashion,fell in love with this dress,13,1774787066.0
fashion,enjoying nature outfit,12,1774778581.0
fashion,Update: Wore option #2. Thanks everyone!,35,1774756671.0
fashion,Recent evening looks — which is your favorite?,109,1774731237.0
fashion,what you guys think of the look?,58,1774730647.0
fashion,Punk type fit for a fest,3,1774786143.0
fashion,How do you rate my cozy fit ?,13,1774755016.0
fashion,secondhand dress!,266,1774695722.0
fashion,Kinda obsessed with Sundresses,99,1774709924.0
fashion,Really happy with this look,44,1774723004.0
fashion,Need help. On or off the shoulder?,81,1774711519.0
fashion,quick outlet detour (we came from a sponty beach trip),2,1774783027.0
fashion,any tips to enhance or spice up this fit,111,1774697926.0
fashion,wiwt,10,1774742737.0
fashion,Pink mini dress look /opinions ?,15,1774732807.0
fashion,My fashion confidence during and after college.,3,1774758179.0
fashion,picked up this dress for dinner tomorrow,887,1774641098.0
fashion,The Mediterranean Break,29,1774705158.0
fashion,dress &amp; jeans &lt;3,10,1774723619.0
fashion,Ariana Grande inspired outfits. Which one is your fave? 💞💫,64,1774684182.0
gaming,Simple Questions Sunday!,0,1774764026.0
gaming,"Zero Parades devs knew they didn't want to make another cop game after Disco Elysium: 'How people think of the police these days, it's a bit different'",1448,1774777044.0
gaming,Borderlands 4 faces backlash over $30 DLC that you can finish in two hours,3919,1774732799.0
gaming,I have finally gotten three stars on every level in the original angry birds.,3143,1774724612.0
gaming,Thanks To Fallout 4 Ill Always Have A Version of My Deceased Brother,2976,1774717045.0
gaming,Kingdom Come Deliverance 2 Czech Translater Fired From Warhorse And Replaced With AI To “Save Finances”,6456,1774701724.0
gaming,Soren Johnson on keeping his game studio small: 'You get better games if you take longer to make games',484,1774748668.0
gaming,"""Five Nights at Epstein's"" video game sweeps US classrooms",4714,1774693957.0
gaming,Did You Ever Buy a Game Expecting One Thing and It Ended Up Being Something Else Entirely?,366,1774739384.0
gaming,"Can it Resolve DOOM? Game Engine in 2,000 DNS Records",50,1774777712.0
gaming,What's a Game You Feel Alone in Loving,116,1774757176.0
gaming,"Having you ever played, or continued to play a game, only for a mini game in it?",166,1774749852.0
gaming,I have three stars on every level in the original cut the rope.,293,1774736850.0
gaming,What is a game that you're good at that you later found out was considered extremely difficult?,415,1774713447.0
gaming,Robocop Rogue City. I love this game,885,1774697505.0
gaming,What detail/s did you learn or notice in a video game that made you appreciate its quality even more?,9,1774782249.0
gaming,"Videogames are more of a rich guy's hobby than ever, says analyst, and that's 'leaving a whole portion of the market to Fortnite, Minecraft, Roblox'",7062,1774647331.0
gaming,This is how I sneak game art into the house without my wife noticing,4372,1774645504.0
gaming,"Bethesda Fallout 3 dev ""initially felt a little touchy"" about New Vegas' success because they ""put in all this effort"" for its foundation — ""We made 90% of the art, we built the engine""",3928,1774636833.0
gaming,Time to do some retro gaming (pokemon red version),143,1774701031.0
gaming,What is the worst game you were gifted in your childhood?,157,1774698880.0
gaming,Glen Powell has been announced as the voice of Fox McCloud in 'The Super Mario Galaxy Movie',9041,1774617240.0
gaming,Which music reminds you of your gaming beginnings?,56,1774723812.0
gaming,What's the first game you ever regret purchasing?,1,1774789210.0
gaming,"Sources: Nintendo is planning to announce a new ""classic-style"" Star Fox game with online multiplayer and a 'The Legend of Zelda: Ocarina of Time' remake, both this year; but no 3D Mario until 2027",3470,1774622973.0
