keyword,frequency
game,15
ai,12
new,10
dress,6
amp,5
year,5
billion,4
help,4
human,4
need,4
people,4
ps5,4
time,4
video,4
china,3
fit,3
games,3
house,3
johnson,3
look,3
make,3
mini,3
pro,3
red,3
says,3
stars,3
think,3
users,3
want,3
2026,2
30,2
3d,2
40,2
40 billion,2
ai generated,2
anderson,2
apple,2
art,2
better,2
billion loan,2
birthday,2
business,2
campaign,2
come,2
come deliverance,2
content,2
continued,2
deal,2
deliverance,2
did,2
didn,2
didn want,2
dinner,2
engine,2
fallout,2
fashion,2
fired,2
fired warhorse,2
fox,2
fund,2
gaming,2
generated,2
global,2
google,2
grabs,2
guys,2
isn,2
kingdom,2
kingdom come,2
level,2
level original,2
loan,2
love,2
mac,2
mario,2
meta,2
mexico,2
million,2
money,2
new campaign,2
openai,2
original,2
outrage,2
paramount,2
play,2
post,2
ps5 pro,2
report,2
simple,2
softbank,2
south,2
stars level,2
studio,2
study,2
succeeded,2
thanks,2
tim,2
use,2
valve,2
verify,2
version,2
video game,2
warhorse,2
white,2
white house,2
worst,2
years,2
000,1
000 dns,1
100,1
100 percent,1
1000,1
1000 people,1
1977,1
1977 paper,1
20,1
20 years,1
2008,1
2008 ai,1
2023,1
2023 apple,1
2026 vote,1
2027,1
23,1
23 2026,1
25,1
25 years,1
30 billion,1
30 dlc,1
31,1
31 share,1
375,1
375 million,1
3d mario,1
3d printed,1
50,1
50 year,1
600,1
600 ps5,1
82,1
82 year,1
90,1
90 art,1
900,1
abusive,1
abusive men,1
access,1
accounts,1
accounts verify,1
accused,1
accused teaching,1
actually,1
actually like,1
adjacent,1
adjacent content,1
advertisers,1
advertisers wanting,1
advertising,1
advertising unavailable,1
aeo,1
aeo aerie,1
aerie,1
aerie doubles,1
age,1
age verification,1
agency,1
agents,1
agents phone,1
ai memory,1
ai models,1
ai save,1
ai suspected,1
ai takes,1
ai translations,1
ai undermine,1
ai use,1
ai video,1
ai youtube,1
airport,1
allegations,1
allegations ai,1
amp bots,1
amp eat,1
amp google,1
amp jeans,1
amp johnson,1
analyst,1
analyst leaving,1
anderson new,1
anderson stars,1
android,1
angry,1
angry birds,1
announce,1
announce new,1
announced,1
announced voice,1
announces,1
announces price,1
antitrust,1
antitrust violation,1
anybody,1
anybody shooting,1
app,1
app tracking,1
apple discontinues,1
apple iconic,1
appreciate,1
appreciate quality,1
april,1
april 23,1
ariana,1
ariana grande,1
art built,1
art house,1
ass,1
ass valve,1
assistance,1
australia,1
australia fight,1
away,1
away million,1
baby,1
baby powder,1
backlash,1
backlash 30,1
bans,1
bans ai,1
beach,1
beach trip,1
beginnings,1
belgium,1
benefits,1
benefits vs,1
bethesda,1
bethesda fallout,1
better games,1
better worked,1
billion commitment,1
billion shirts,1
birds,1
birthday celebration,1
birthday dinner,1
bit,1
bit different,1
bites,1
blames,1
blames continued,1
blockbuster,1
blockbuster merger,1
blood,1
blood test,1
bodies,1
bodies ai,1
bogo,1
bogo burger,1
bonus,1
bonus employees,1
booking,1
booking mess,1
borderlands,1
borderlands faces,1
botched,1
botched bogo,1
bots,1
bots video,1
brand,1
brand pledge,1
break,1
bros,1
bros discovery,1
brother,1
building,1
building mini,1
built,1
built engine,1
buisness,1
buisness opinion,1
burger,1
burger birthday,1
busco,1
busco personas,1
business grabs,1
business proposal,1
buy,1
buy game,1
came,1
came sponty,1
campaign aeo,1
campaign bans,1
cars,1
case,1
case jury,1
cases,1
cases knowingly,1
catfish,1
catfish amp,1
causing,1
causing harm,1
celebration,1
ceo,1
ceo gave,1
change,1
change senate,1
charge,1
charge access,1
chet,1
chet faliszek,1
child,1
child exploitation,1
childhood,1
china investments,1
china scientific,1
chip,1
chip giants,1
choosing,1
choosing recital,1
cities,1
city,1
city love,1
classic,1
classic style,1
classrooms,1
clickfix,1
clickfix lures,1
clients,1
clients testimonials,1
climate,1
climate change,1
close,1
close end,1
closer,1
closer think,1
college,1
combat,1
combat global,1
commitment,1
commitment invest,1
company,1
company transitioned,1
computing,1
computing pose,1
concrete,1
concrete printing,1
confidence,1
confidence college,1
considered,1
considered extremely,1
content agency,1
content isn,1
continued play,1
continued pressures,1
cop,1
cop game,1
costs,1
costs 900,1
cover,1
cover 30,1
cozy,1
cozy fit,1
cut,1
cut rope,1
czech,1
czech translater,1
data,1
data clickfix,1
days,1
days bit,1
deal doesn,1
deal paramount,1
dealers,1
dealers advertising,1
deceased,1
deceased brother,1
deliverance czech,1
deliverance translator,1
dementia,1
dementia risk,1
denies,1
denies publisher,1
deportation,1
detour,1
detour came,1
dev,1
dev initially,1
devs,1
devs knew,1
did buy,1
did learn,1
different,1
difficult,1
digital,1
digital don,1
dinner tomorrow,1
disco,1
disco elysium,1
discontinues,1
discontinues mac,1
discovery,1
discovery sets,1
dismiss,1
dismiss abusive,1
dlc,1
dlc finish,1
dns,1
dns records,1
dodgers,1
dodgers tell,1
doesn,1
doesn close,1
doing,1
don,1
doom,1
doom game,1
doubles,1
doubles lifestyle,1
dress amp,1
dress dinner,1
dress look,1
early,1
eat,1
eat toxic,1
economic,1
economic landscape,1
educational,1
educational ai,1
effort,1
effort foundation,1
elysium,1
elysium people,1
embassy,1
embassy mexico,1
employees,1
employees botched,1
end,1
end september,1
ended,1
ended entirely,1
energy,1
energy independence,1
engine 000,1
enhance,1
enhance spice,1
enjoying,1
enjoying nature,1
entirely,1
epic,1
epic games,1
epstein,1
epstein video,1
era,1
era quantum,1
esop,1
esop year,1
europeans,1
europeans building,1
evening,1
evening looks,1
exact,1
exact location,1
expecting,1
expecting thing,1
experience,1
experience buisness,1
exploitation,1
exploitation case,1
extremely,1
extremely difficult,1
faces,1
faces backlash,1
faliszek,1
faliszek slams,1
fallout dev,1
fallout ill,1
farmers,1
farmers golden,1
farms,1
farms home,1
fashion confidence,1
fave,1
favorite,1
fee,1
fee kicking,1
feel,1
feel loving,1
feels,1
feels practical,1
fell,1
fell love,1
felt,1
felt little,1
fest,1
fight,1
fight misinformation,1
finalist,1
finalist model,1
finally,1
finally gotten,1
finances,1
finds,1
finish,1
finish hours,1
firms,1
firms women,1
fishy,1
fishy accounts,1
fit fest,1
flags,1
food,1
fortnite,1
fortnite minecraft,1
forward,1
foundation,1
foundation 90,1
fox game,1
fox mccloud,1
friend,1
friend birthday,1
ftc,1
ftc targeting,1
fund neo,1
fund openai,1
gabe,1
gabe better,1
galaxy,1
galaxy movie,1
game appreciate,1
game art,1
game disco,1
game engine,1
game expecting,1
game feel,1
game gifted,1
game good,1
game mini,1
game online,1
game regret,1
game studio,1
game sweeps,1
games laying,1
games longer,1
gaming beginnings,1
gaming pokemon,1
gave,1
gave away,1
generated bodies,1
generated people,1
giants,1
giants step,1
gifted,1
gifted childhood,1
glen,1
glen powell,1
global ai,1
global economic,1
going,1
going forward,1
golden,1
golden tractor,1
gone,1
gone succeeded,1
good,1
good later,1
google liable,1
google warns,1
gotten,1
gotten stars,1
grabs macos,1
grande,1
grande inspired,1
guy,1
guy hobby,1
guys ceo,1
guys think,1
happy,1
happy look,1
harm,1
harm young,1
having,1
having played,1
help choosing,1
help cover,1
help shoulder,1
hey,1
hey tim,1
hobby,1
hobby says,1
holder,1
holder digital,1
home,1
horror,1
horror novel,1
hours,1
house app,1
house unveils,1
house wife,1
human judgment,1
human tasks,1
human time,1
ice,1
ice agents,1
iconic,1
iconic tower,1
ill,1
ill version,1
importar,1
importar china,1
independence,1
independence feels,1
infinity,1
infinity stealer,1
initially,1
initially felt,1
inspired,1
inspired outfits,1
invest,1
invest openai,1
investment,1
investments,1
investments combat,1
ios,1
ios age,1
iphone,1
iphone new,1
isn antitrust,1
isn tip,1
jar,1
jar time,1
jeans,1
jeans lt,1
johnson amp,1
johnson baby,1
johnson keeping,1
judge,1
judge pauses,1
judgment,1
jury,1
jury rules,1
keeping,1
keeping game,1
kicking,1
kicking deal,1
kids,1
kids play,1
kinda,1
kinda obsessed,1
knew,1
knew didn,1
knowingly,1
knowingly causing,1
korean,1
korean chip,1
lancet,1
lancet retracts,1
landmark,1
landmark cases,1
landscape,1
landscape new,1
later,1
later considered,1
law,1
law child,1
lawn,1
laying,1
laying 1000,1
learn,1
learn notice,1
leaving,1
leaving portion,1
legend,1
legend zelda,1
liable,1
liable landmark,1
lifestyle,1
lifestyle brand,1
like,1
like doing,1
likely,1
likely dismiss,1
little,1
little touchy,1
ll,1
ll make,1
loan fund,1
loan help,1
location,1
location minutes,1
longer,1
longer make,1
look opinions,1
looks,1
looks favorite,1
love dress,1
love game,1
loving,1
lt,1
lures,1
m2,1
m2 ultra,1
mac pro,1
mac studio,1
macos,1
macos data,1
make cop,1
make games,1
making,1
making money,1
malware,1
malware grabs,1
mario 2027,1
mario galaxy,1
market,1
market fortnite,1
mccloud,1
mccloud super,1
mediterranean,1
mediterranean break,1
mega,1
mega deal,1
memory,1
memory shortage,1
men,1
men study,1
merger,1
merger tv,1
mess,1
mess smaller,1
meta amp,1
meta pay,1
mexico law,1
mexico prompts,1
microsoft,1
microsoft set,1
million bonus,1
million violating,1
minecraft,1
minecraft roblox,1
mini dress,1
mini game,1
mini solar,1
minutes,1
minutes party,1
misinformation,1
misinformation climate,1
model,1
model belgium,1
models,1
models anderson,1
money ll,1
money possible,1
movie,1
multiplayer,1
multiplayer legend,1
multiple,1
multiple allegations,1
music,1
music reminds,1
nature,1
nature outfit,1
nazi,1
nazi adjacent,1
need assistance,1
need experience,1
need help,1
need write,1
negotiation,1
negotiation severance,1
neo,1
neo nazi,1
new 40,1
new classic,1
new era,1
new infinity,1
new ios,1
new mexico,1
new ps5,1
new vegas,1
nexstar,1
nexstar tegna,1
nights,1
nights epstein,1
nintendo,1
nintendo planning,1
non,1
non human,1
notice,1
notice video,1
noticing,1
novel,1
novel multiple,1
obsessed,1
obsessed sundresses,1
ocarina,1
ocarina time,1
odds,1
offering,1
offering 31,1
old,1
old 50,1
online,1
online multiplayer,1
onlyfarms,1
onlyfarms website,1
open,1
open source,1
openai investment,1
opinion,1
opinions,1
option,1
option thanks,1
original angry,1
original cut,1
outfit,1
outfits,1
outfits fave,1
outlet,1
outlet detour,1
outrage ai,1
outrage users,1
owners,1
owners nexstar,1
pamela,1
pamela anderson,1
paper,1
paper johnson,1
parades,1
parades devs,1
paramount mega,1
paramount offering,1
party,1
party server,1
pauses,1
pauses blockbuster,1
pay,1
pay 375,1
paying,1
paying human,1
people making,1
people think,1
percent,1
percent real,1
personas,1
personas que,1
phone,1
phone airport,1
picked,1
picked dress,1
pink,1
pink mini,1
planning,1
planning announce,1
plans,1
plans use,1
play game,1
play traffic,1
played,1
played continued,1
playstation,1
playstation portal,1
pledge,1
pledge 100,1
pokemon,1
pokemon red,1
police,1
police days,1
policy,1
policy want,1
portal,1
portal blames,1
portion,1
portion market,1
pose,1
pose threats,1
possible,1
possible hey,1
post clients,1
post raises,1
powder,1
powder safety,1
powell,1
powell announced,1
practical,1
practical europeans,1
predict,1
predict dementia,1
pressures,1
pressures global,1
price,1
price rises,1
printed,1
printed concrete,1
printing,1
printing process,1
pro 20,1
pro costs,1
pro playstation,1
process,1
promoting,1
promoting self,1
prompts,1
prompts outrage,1
proposal,1
ps5 ps5,1
ps5 starts,1
publisher,1
publisher pulls,1
pulls,1
pulls horror,1
punk,1
punk type,1
purchasing,1
quality,1
quantum,1
quantum computing,1
quarter,1
quarter 2008,1
que,1
que quieran,1
questions,1
questions sunday,1
quick,1
quick outlet,1
quieran,1
quieran importar,1
raises,1
raises red,1
rate,1
rate cozy,1
real,1
real ai,1
really,1
really happy,1
recent,1
recent evening,1
recital,1
recital dress,1
records,1
red flags,1
red version,1
reddit,1
reddit require,1
regret,1
regret purchasing,1
remake,1
remake year,1
reminds,1
reminds gaming,1
replaced,1
replaced ai,1
report ai,1
report says,1
require,1
require fishy,1
resolve,1
resolve doom,1
retire,1
retire today,1
retracts,1
retracts 1977,1
retro,1
retro gaming,1
rich,1
rich guy,1
rise,1
rises,1
rises ps5,1
risk,1
risk 25,1
risks,1
roblox,1
robocop,1
robocop rogue,1
rogue,1
rogue city,1
roles,1
roles likely,1
rope,1
rules,1
run,1
run human,1
safety,1
sales,1
sales policy,1
save,1
save finances,1
say,1
say switch,1
says analyst,1
says fired,1
scientific,1
scientific rise,1
scientists,1
scientists succeeded,1
season,1
season ticket,1
secondhand,1
secondhand dress,1
secures,1
secures 40,1
self,1
self deportation,1
sell,1
sell billion,1
semi,1
semi finalist,1
senate,1
senate report,1
september,1
september 2026,1
server,1
set,1
set worst,1
sets,1
sets april,1
severance,1
severance need,1
share,1
share ticking,1
shirts,1
shirts help,1
shocking,1
shocking speed,1
shooting,1
shooting guys,1
shortage,1
shoulder,1
simple blood,1
simple questions,1
slams,1
slams tim,1
small,1
small better,1
smaller,1
smaller cities,1
sneak,1
sneak game,1
softbank secures,1
softbank taken,1
solar,1
solar farms,1
sony,1
sony announces,1
soren,1
soren johnson,1
source,1
source isn,1
sources,1
sources nintendo,1
south korean,1
south lawn,1
sparks,1
sparks outrage,1
speed,1
speed china,1
spice,1
spice fit,1
sponsors,1
sponsors semi,1
sponty,1
sponty beach,1
star,1
star fox,1
stars new,1
start,1
start content,1
starts,1
starts 600,1
stasis,1
stasis m2,1
station,1
station owners,1
stealer,1
stealer malware,1
step,1
step china,1
stop,1
stop paying,1
strengthening,1
strengthening 3d,1
stuck,1
stuck stasis,1
studio small,1
study finds,1
study sycophantic,1
style,1
style star,1
succeeded mac,1
succeeded strengthening,1
success,1
success effort,1
suddenly,1
suddenly energy,1
sunday,1
sundresses,1
super,1
super mario,1
sure,1
sure odds,1
suspected,1
suspected catfish,1
sweeney,1
sweeney epic,1
sweeps,1
sweeps classrooms,1
switch,1
switch android,1
sycophantic,1
sycophantic ai,1
taken,1
taken new,1
takes,1
takes bites,1
targeting,1
targeting dealers,1
tasks,1
teaching,1
teaching kids,1
tegna,1
tell,1
tell 82,1
test,1
test predict,1
testimonials,1
thanks fallout,1
thing,1
thing ended,1
think google,1
think look,1
think police,1
threats,1
threats closer,1
ticket,1
ticket holder,1
ticking,1
ticking fee,1
tim gabe,1
tim sweeney,1
time charge,1
time non,1
time remake,1
time retro,1
tip,1
tip jar,1
tips,1
tips enhance,1
today,1
today money,1
tomorrow,1
touchy,1
touchy new,1
tower,1
tower gone,1
toxic,1
toxic food,1
tracking,1
tracking users,1
tractor,1
tractor south,1
traffic,1
traffic amp,1
transitioned,1
transitioned esop,1
translater,1
translater fired,1
translations,1
translations going,1
translator,1
translator says,1
trip,1
turns,1
turns advertisers,1
tv,1
tv station,1
type,1
type fit,1
ultra,1
ultra 2023,1
unavailable,1
unavailable cars,1
undermine,1
undermine human,1
unveils,1
unveils onlyfarms,1
update,1
update wore,1
use ai,1
users exact,1
users post,1
users say,1
valve retire,1
valve veteran,1
vegas,1
vegas success,1
verification,1
verification sparks,1
verify run,1
verify users,1
version deceased,1
veteran,1
veteran chet,1
video promoting,1
video verify,1
videogames,1
videogames rich,1
videos,1
videos accused,1
violating,1
violating new,1
violation,1
voice,1
voice fox,1
vote,1
vote paramount,1
vs,1
vs risks,1
want anybody,1
want make,1
want sell,1
wanting,1
wanting fund,1
warhorse plans,1
warhorse replaced,1
warner,1
warner bros,1
warns,1
website,1
website welcomes,1
welcome,1
welcome fashion,1
welcomes,1
welcomes farmers,1
wife,1
wife noticing,1
wiwt,1
women,1
women roles,1
wore,1
wore option,1
worked,1
worked ass,1
worst game,1
worst quarter,1
write,1
write business,1
writer,1
writer denies,1
year 3d,1
year benefits,1
year business,1
year old,1
year season,1
years early,1
years stuck,1
young,1
young people,1
youtube,1
youtube videos,1
zelda,1
zelda ocarina,1
zero,1
zero parades,1
